profile_id,latitude,longitude,upper_depth,lower_depth,date,clay,orgc,phaq,phca,sand,geometry,bedrock
1144922,52.083333333333336,0.3333333333333333,0,25,1981-6-1,31.0,16.0,7.8,7.3,35.0,POINT (0.3333333333333932 52.08333333333332),rocas_igneas
1144922,52.083333333333336,0.3333333333333333,25,41,1981-6-1,45.0,8.0,8.1,7.3,26.0,POINT (0.3333333333333932 52.08333333333332),rocas_igneas
1144922,52.083333333333336,0.3333333333333333,41,92,1981-6-1,38.0,4.0,8.1,7.5,17.0,POINT (0.3333333333333932 52.08333333333332),rocas_igneas
1144922,52.083333333333336,0.3333333333333333,92,120,1981-6-1,35.0,4.0,8.1,7.5,21.0,POINT (0.3333333333333932 52.08333333333332),rocas_igneas
1166040,52.083333333333336,0.3333333333333333,0,25,1981-6-1,31.0,16.0,7.8,7.3,35.0,POINT (0.3333333333333932 52.08333333333332),rocas_igneas
1166040,52.083333333333336,0.3333333333333333,25,41,1981-6-1,45.0,8.0,8.1,7.3,26.0,POINT (0.3333333333333932 52.08333333333332),rocas_igneas
1166040,52.083333333333336,0.3333333333333333,41,92,1981-6-1,38.0,4.0,8.1,7.5,17.0,POINT (0.3333333333333932 52.08333333333332),rocas_igneas
1166040,52.083333333333336,0.3333333333333333,92,120,1981-6-1,35.0,4.0,8.1,7.5,21.0,POINT (0.3333333333333932 52.08333333333332),rocas_igneas
1169970,53.13330078125,-2.333329916000366,0,5,????-??-??,18.0,53.0,4.0,3.6,29.0,POINT (-2.3333299160003365 53.13330078124999),rocas_igneas
1169970,53.13330078125,-2.333329916000366,5,28,????-??-??,11.0,28.0,4.5,4.1,53.0,POINT (-2.3333299160003365 53.13330078124999),rocas_igneas
1169970,53.13330078125,-2.333329916000366,28,60,????-??-??,9.0,12.0,4.8,4.4,41.0,POINT (-2.3333299160003365 53.13330078124999),rocas_igneas
1169970,53.13330078125,-2.333329916000366,60,120,????-??-??,2.0,4.0,5.0,4.7,70.0,POINT (-2.3333299160003365 53.13330078124999),rocas_igneas
1170025,55.80830001831055,-2.158329963684082,0,24,????-??-??,4.0,39.3,5.7,5.4,80.0,POINT (-2.1583299636840882 55.80830001831054),rocas_igneas
1170025,55.80830001831055,-2.158329963684082,24,55,????-??-??,19.0,18.3,5.7,5.2,58.0,POINT (-2.1583299636840882 55.80830001831054),rocas_igneas
1170025,55.80830001831055,-2.158329963684082,55,85,????-??-??,16.0,23.4,4.7,4.2,59.0,POINT (-2.1583299636840882 55.80830001831054),rocas_igneas
1205016,51.75,0.8333330154418945,0,8,????-??-??,16.0,53.0,4.6,4.0,14.0,POINT (0.8333330154419469 51.750000000000014),rocas_igneas
1205016,51.75,0.8333330154418945,8,28,????-??-??,13.0,16.0,4.5,3.8,13.0,POINT (0.8333330154419469 51.750000000000014),rocas_igneas
1205017,51.66669845581055,0.8333330154418945,0,9,????-??-??,44.0,62.0,7.4,7.0,23.0,POINT (0.8333330154419469 51.66669845581055),rocas_igneas
1205017,51.66669845581055,0.8333330154418945,9,23,????-??-??,68.0,20.0,7.6,7.1,13.0,POINT (0.8333330154419469 51.66669845581055),rocas_igneas
1205017,51.66669845581055,0.8333330154418945,23,31,????-??-??,43.0,11.0,8.0,7.5,11.0,POINT (0.8333330154419469 51.66669845581055),rocas_igneas
1239719,52.78329849243164,-2.916670083999634,0,19,????-??-??,29.0,31.0,6.3,5.9,9.0,POINT (-2.9166700839995787 52.78329849243163),rocas_igneas
1239719,52.78329849243164,-2.916670083999634,19,50,????-??-??,28.0,10.0,5.9,5.4,10.0,POINT (-2.9166700839995787 52.78329849243163),rocas_igneas
1239719,52.78329849243164,-2.916670083999634,50,82,????-??-??,30.0,7.0,5.6,5.0,10.0,POINT (-2.9166700839995787 52.78329849243163),rocas_igneas
1239719,52.78329849243164,-2.916670083999634,82,141,????-??-??,25.0,4.0,5.8,5.1,7.0,POINT (-2.9166700839995787 52.78329849243163),rocas_igneas
1249577,57.205555555555556,-4.104166666666667,0,20,1976-6-1,4.0,53.3,4.3,3.8,95.0,POINT (-4.104166666666687 57.205555555555556),rocas_igneas
1249577,57.205555555555556,-4.104166666666667,21,41,1976-6-1,4.0,28.7,4.6,4.5,90.0,POINT (-4.104166666666687 57.205555555555556),rocas_igneas
1249603,51.083333333333336,0.8333333333333334,0,20,1981-6-1,33.0,22.0,5.7,5.2,9.0,POINT (0.8333333333333748 51.08333333333335),rocas_igneas
1249603,51.083333333333336,0.8333333333333334,20,38,1981-6-1,39.0,6.0,5.8,5.1,18.0,POINT (0.8333333333333748 51.08333333333335),rocas_igneas
1249603,51.083333333333336,0.8333333333333334,38,51,1981-6-1,56.0,6.0,5.2,4.6,8.0,POINT (0.8333333333333748 51.08333333333335),rocas_igneas
1249603,51.083333333333336,0.8333333333333334,51,85,1981-6-1,55.0,3.0,5.2,4.6,3.0,POINT (0.8333333333333748 51.08333333333335),rocas_igneas
1249603,51.083333333333336,0.8333333333333334,85,145,1981-6-1,50.0,2.0,6.4,6.0,4.0,POINT (0.8333333333333748 51.08333333333335),rocas_igneas
1249603,51.083333333333336,0.8333333333333334,145,200,1981-6-1,37.0,2.0,7.5,7.0,3.0,POINT (0.8333333333333748 51.08333333333335),rocas_igneas
1249604,51.733333333333334,0.4166666666666667,0,25,1981-6-1,15.0,19.0,5.8,5.5,17.0,POINT (0.4166666666667128 51.73333333333334),rocas_igneas
1249604,51.733333333333334,0.4166666666666667,25,46,1981-6-1,17.0,7.0,5.3,4.8,12.0,POINT (0.4166666666667128 51.73333333333334),rocas_igneas
1249604,51.733333333333334,0.4166666666666667,46,80,1981-6-1,24.0,5.0,6.0,5.7,7.0,POINT (0.4166666666667128 51.73333333333334),rocas_igneas
1249604,51.733333333333334,0.4166666666666667,80,93,1981-6-1,23.0,5.0,6.2,5.9,7.0,POINT (0.4166666666667128 51.73333333333334),rocas_igneas
1249604,51.733333333333334,0.4166666666666667,93,120,1981-6-1,21.0,2.0,6.5,5.9,14.0,POINT (0.4166666666667128 51.73333333333334),rocas_igneas
1249668,52.166666666666664,-1.4166666666666667,0,13,1981-6-1,31.0,64.0,5.7,5.4,36.0,POINT (-1.4166666666666252 52.16666666666665),rocas_igneas
1249668,52.166666666666664,-1.4166666666666667,13,41,1981-6-1,29.0,35.0,5.1,4.7,39.0,POINT (-1.4166666666666252 52.16666666666665),rocas_igneas
1249668,52.166666666666664,-1.4166666666666667,41,67,1981-6-1,21.0,9.0,5.8,5.4,58.0,POINT (-1.4166666666666252 52.16666666666665),rocas_igneas
1249668,52.166666666666664,-1.4166666666666667,67,105,1981-6-1,10.0,1.0,5.8,5.4,71.0,POINT (-1.4166666666666252 52.16666666666665),rocas_igneas
1249669,53.11666666666667,-2.9166666666666665,0,10,1981-6-1,52.0,82.0,5.2,4.8,7.0,POINT (-2.9166666666666337 53.11666666666665),rocas_igneas
1249669,53.11666666666667,-2.9166666666666665,10,20,1981-6-1,53.0,32.0,5.6,5.1,4.0,POINT (-2.9166666666666337 53.11666666666665),rocas_igneas
1249669,53.11666666666667,-2.9166666666666665,20,43,1981-6-1,67.0,31.0,6.5,6.0,1.0,POINT (-2.9166666666666337 53.11666666666665),rocas_igneas
1249669,53.11666666666667,-2.9166666666666665,43,67,1981-6-1,69.0,8.0,7.1,6.7,1.0,POINT (-2.9166666666666337 53.11666666666665),rocas_igneas
1249669,53.11666666666667,-2.9166666666666665,67,110,1981-6-1,59.0,7.0,7.5,6.9,2.0,POINT (-2.9166666666666337 53.11666666666665),rocas_igneas
1249670,51.666666666666664,-0.8,0,8,1981-6-1,20.0,89.0,4.2,3.5,11.0,POINT (-0.7999999999999502 51.666666666666664),rocas_igneas
1249670,51.666666666666664,-0.8,8,16,1981-6-1,20.0,16.0,4.1,3.6,12.0,POINT (-0.7999999999999502 51.666666666666664),rocas_igneas
1249670,51.666666666666664,-0.8,16,38,1981-6-1,24.0,6.0,4.2,3.8,8.0,POINT (-0.7999999999999502 51.666666666666664),rocas_igneas
1249670,51.666666666666664,-0.8,38,62,1981-6-1,33.0,2.0,5.1,4.2,5.0,POINT (-0.7999999999999502 51.666666666666664),rocas_igneas
1249670,51.666666666666664,-0.8,62,84,1981-6-1,34.0,2.0,4.9,4.2,5.0,POINT (-0.7999999999999502 51.666666666666664),rocas_igneas
1249670,51.666666666666664,-0.8,84,180,1981-6-1,36.0,2.0,4.9,4.1,4.0,POINT (-0.7999999999999502 51.666666666666664),rocas_igneas
1249671,56.61666666666667,-2.6833333333333336,0,24,1991-9-1,2.0,30.8,6.3,5.9,73.0,POINT (-2.6833333333333362 56.616666666666674),rocas_igneas
1249671,56.61666666666667,-2.6833333333333336,24,60,1991-9-1,6.0,6.8,5.8,5.3,75.0,POINT (-2.6833333333333362 56.616666666666674),rocas_igneas
1249671,56.61666666666667,-2.6833333333333336,60,85,1991-9-1,10.0,6.4,5.3,4.7,71.0,POINT (-2.6833333333333362 56.616666666666674),rocas_igneas
1270628,51.733333333333334,0.4166666666666667,0,25,1981-6-1,15.0,19.0,5.8,5.5,17.0,POINT (0.4166666666667128 51.73333333333334),rocas_igneas
1270628,51.733333333333334,0.4166666666666667,25,46,1981-6-1,17.0,7.0,5.3,4.8,12.0,POINT (0.4166666666667128 51.73333333333334),rocas_igneas
1270628,51.733333333333334,0.4166666666666667,46,80,1981-6-1,24.0,5.0,6.0,5.7,7.0,POINT (0.4166666666667128 51.73333333333334),rocas_igneas
1270628,51.733333333333334,0.4166666666666667,80,93,1981-6-1,23.0,5.0,6.2,5.9,7.0,POINT (0.4166666666667128 51.73333333333334),rocas_igneas
1270628,51.733333333333334,0.4166666666666667,93,120,1981-6-1,21.0,2.0,6.5,5.9,14.0,POINT (0.4166666666667128 51.73333333333334),rocas_igneas
1270631,51.083333333333336,0.8333333333333334,0,20,1981-6-1,33.0,22.0,5.7,5.2,9.0,POINT (0.8333333333333748 51.08333333333335),rocas_igneas
1270631,51.083333333333336,0.8333333333333334,20,38,1981-6-1,39.0,6.0,5.8,5.1,18.0,POINT (0.8333333333333748 51.08333333333335),rocas_igneas
1270631,51.083333333333336,0.8333333333333334,38,51,1981-6-1,56.0,6.0,5.2,4.6,8.0,POINT (0.8333333333333748 51.08333333333335),rocas_igneas
1270631,51.083333333333336,0.8333333333333334,51,85,1981-6-1,55.0,3.0,5.2,4.6,3.0,POINT (0.8333333333333748 51.08333333333335),rocas_igneas
1270631,51.083333333333336,0.8333333333333334,85,145,1981-6-1,50.0,2.0,6.4,6.0,4.0,POINT (0.8333333333333748 51.08333333333335),rocas_igneas
1270631,51.083333333333336,0.8333333333333334,145,200,1981-6-1,37.0,2.0,7.5,7.0,3.0,POINT (0.8333333333333748 51.08333333333335),rocas_igneas
1274598,53.11669921875,-1.0833300352096558,0,22,????-??-??,23.0,48.0,5.1,4.6,27.0,POINT (-1.0833300352096267 53.11669921874998),rocas_igneas
1274598,53.11669921875,-1.0833300352096558,22,43,????-??-??,32.0,8.0,7.0,6.5,25.0,POINT (-1.0833300352096267 53.11669921874998),rocas_igneas
1274598,53.11669921875,-1.0833300352096558,43,62,????-??-??,45.0,5.0,7.8,7.4,13.0,POINT (-1.0833300352096267 53.11669921874998),rocas_igneas
1274598,53.11669921875,-1.0833300352096558,62,84,????-??-??,32.0,4.0,8.2,7.8,31.0,POINT (-1.0833300352096267 53.11669921874998),rocas_igneas
1274598,53.11669921875,-1.0833300352096558,84,104,????-??-??,41.0,3.0,8.4,7.9,14.0,POINT (-1.0833300352096267 53.11669921874998),rocas_igneas
1318995,52.083333333333336,0.3333333333333333,0,28,1981-6-1,38.0,18.0,7.9,7.4,27.0,POINT (0.3333333333333932 52.08333333333332),rocas_igneas
1318995,52.083333333333336,0.3333333333333333,28,48,1981-6-1,41.0,6.0,8.0,7.5,15.0,POINT (0.3333333333333932 52.08333333333332),rocas_igneas
1318995,52.083333333333336,0.3333333333333333,48,68,1981-6-1,39.0,5.0,8.1,7.5,16.0,POINT (0.3333333333333932 52.08333333333332),rocas_igneas
1318995,52.083333333333336,0.3333333333333333,68,80,1981-6-1,38.0,5.0,8.3,7.4,15.0,POINT (0.3333333333333932 52.08333333333332),rocas_igneas
1318995,52.083333333333336,0.3333333333333333,80,110,1981-6-1,38.0,4.0,8.0,7.4,15.0,POINT (0.3333333333333932 52.08333333333332),rocas_igneas
1318996,52.45,0.08333333333333333,0,29,1981-6-1,63.0,250.0,6.9,6.7,5.0,POINT (0.0833333333333578 52.45),rocas_igneas
1318996,52.45,0.08333333333333333,53,62,1981-6-1,3.0,260.0,3.9,3.8,68.0,POINT (0.0833333333333578 52.45),rocas_igneas
1318997,51.18333333333333,0.9333333333333333,0,13,1981-6-1,45.0,33.0,5.7,5.5,33.0,POINT (0.9333333333333813 51.18333333333333),rocas_igneas
1318997,51.18333333333333,0.9333333333333333,13,25,1981-6-1,45.0,26.0,5.7,5.4,33.0,POINT (0.9333333333333813 51.18333333333333),rocas_igneas
1318997,51.18333333333333,0.9333333333333333,25,40,1981-6-1,56.0,16.0,5.9,5.5,26.0,POINT (0.9333333333333813 51.18333333333333),rocas_igneas
1318997,51.18333333333333,0.9333333333333333,40,65,1981-6-1,69.0,8.0,7.5,7.0,21.0,POINT (0.9333333333333813 51.18333333333333),rocas_igneas
1318997,51.18333333333333,0.9333333333333333,65,135,1981-6-1,96.0,11.0,7.1,6.6,1.0,POINT (0.9333333333333813 51.18333333333333),rocas_igneas
1319047,51.833333333333336,-1.4166666666666667,0,3,1981-6-1,20.0,63.0,4.3,3.9,22.0,POINT (-1.4166666666666379 51.83333333333333),rocas_igneas
1319047,51.833333333333336,-1.4166666666666667,3,12,1981-6-1,20.0,36.0,3.9,3.4,20.0,POINT (-1.4166666666666379 51.83333333333333),rocas_igneas
1319047,51.833333333333336,-1.4166666666666667,44,58,1981-6-1,20.0,7.0,5.0,4.0,37.0,POINT (-1.4166666666666379 51.83333333333333),rocas_igneas
1319047,51.833333333333336,-1.4166666666666667,80,170,1981-6-1,49.0,4.0,4.6,3.7,28.0,POINT (-1.4166666666666379 51.83333333333333),rocas_igneas
1319048,53.18333333333333,-3.5833333333333335,0,22,1981-6-1,23.0,44.0,5.6,4.9,25.0,POINT (-3.5833333333332926 53.183333333333316),rocas_igneas
1319048,53.18333333333333,-3.5833333333333335,22,40,1981-6-1,25.0,24.0,5.0,4.3,24.0,POINT (-3.5833333333332926 53.183333333333316),rocas_igneas
1319048,53.18333333333333,-3.5833333333333335,40,70,1981-6-1,24.0,19.0,5.0,4.4,31.0,POINT (-3.5833333333332926 53.183333333333316),rocas_igneas
1319048,53.18333333333333,-3.5833333333333335,70,100,1981-6-1,13.0,5.0,5.1,4.6,62.0,POINT (-3.5833333333332926 53.183333333333316),rocas_igneas
1339997,52.083333333333336,0.3333333333333333,0,28,1981-6-1,38.0,18.0,7.9,7.4,27.0,POINT (0.3333333333333932 52.08333333333332),rocas_igneas
1339997,52.083333333333336,0.3333333333333333,28,48,1981-6-1,41.0,6.0,8.0,7.5,15.0,POINT (0.3333333333333932 52.08333333333332),rocas_igneas
1339997,52.083333333333336,0.3333333333333333,48,68,1981-6-1,39.0,5.0,8.1,7.5,16.0,POINT (0.3333333333333932 52.08333333333332),rocas_igneas
1339997,52.083333333333336,0.3333333333333333,68,80,1981-6-1,38.0,5.0,8.3,7.4,15.0,POINT (0.3333333333333932 52.08333333333332),rocas_igneas
1339997,52.083333333333336,0.3333333333333333,80,110,1981-6-1,38.0,4.0,8.0,7.4,15.0,POINT (0.3333333333333932 52.08333333333332),rocas_igneas
1340000,52.45,0.08333333333333333,0,29,1981-6-1,63.0,250.0,6.9,6.7,5.0,POINT (0.0833333333333578 52.45),rocas_igneas
1340000,52.45,0.08333333333333333,53,62,1981-6-1,3.0,260.0,3.9,3.8,68.0,POINT (0.0833333333333578 52.45),rocas_igneas
1340001,51.18333333333333,0.9333333333333333,0,13,1981-6-1,45.0,33.0,5.7,5.5,33.0,POINT (0.9333333333333813 51.18333333333333),rocas_igneas
1340001,51.18333333333333,0.9333333333333333,13,25,1981-6-1,45.0,26.0,5.7,5.4,33.0,POINT (0.9333333333333813 51.18333333333333),rocas_igneas
1340001,51.18333333333333,0.9333333333333333,25,40,1981-6-1,56.0,16.0,5.9,5.5,26.0,POINT (0.9333333333333813 51.18333333333333),rocas_igneas
1340001,51.18333333333333,0.9333333333333333,40,65,1981-6-1,69.0,8.0,7.5,7.0,21.0,POINT (0.9333333333333813 51.18333333333333),rocas_igneas
1340001,51.18333333333333,0.9333333333333333,65,135,1981-6-1,96.0,11.0,7.1,6.6,1.0,POINT (0.9333333333333813 51.18333333333333),rocas_igneas
1343869,52.16669845581055,-0.5833330154418945,0,13,????-??-??,31.0,64.0,5.7,5.4,36.0,POINT (-0.583333015441848 52.16669845581055),rocas_igneas
1343869,52.16669845581055,-0.5833330154418945,13,41,????-??-??,29.0,35.0,5.1,4.7,39.0,POINT (-0.583333015441848 52.16669845581055),rocas_igneas
1343869,52.16669845581055,-0.5833330154418945,41,67,????-??-??,21.0,9.0,5.8,5.4,58.0,POINT (-0.583333015441848 52.16669845581055),rocas_igneas
1343869,52.16669845581055,-0.5833330154418945,67,105,????-??-??,10.0,1.0,5.8,5.4,71.0,POINT (-0.583333015441848 52.16669845581055),rocas_igneas
1353767,51.75,-0.8333333333333334,0,8,1964-6-1,16.0,53.0,4.6,4.0,14.0,POINT (-0.8333333333332857 51.75000000000001),rocas_igneas
1353767,51.75,-0.8333333333333334,8,28,1964-6-1,13.0,16.0,4.5,3.8,13.0,POINT (-0.8333333333332857 51.75000000000001),rocas_igneas
1353768,53.333333333333336,-1.2,0,26,1981-6-1,5.0,18.0,5.4,4.8,85.0,POINT (-1.1999999999999509 53.33333333333332),rocas_igneas
1353768,53.333333333333336,-1.2,26,52,1981-6-1,5.0,4.0,6.9,6.3,81.0,POINT (-1.1999999999999509 53.33333333333332),rocas_igneas
1353768,53.333333333333336,-1.2,52,80,1981-6-1,4.0,2.0,7.0,6.4,87.0,POINT (-1.1999999999999509 53.33333333333332),rocas_igneas
1353768,53.333333333333336,-1.2,80,100,1981-6-1,4.0,2.0,7.2,6.7,86.0,POINT (-1.1999999999999509 53.33333333333332),rocas_igneas
1353768,53.333333333333336,-1.2,100,150,1981-6-1,5.0,1.0,6.9,6.3,92.0,POINT (-1.1999999999999509 53.33333333333332),rocas_igneas
1353769,53.13333333333333,-3.6666666666666665,24,33,1981-6-1,23.0,50.0,3.9,3.4,5.0,POINT (-3.6666666666666505 53.13333333333331),rocas_igneas
1353769,53.13333333333333,-3.6666666666666665,33,34,1981-6-1,25.0,43.0,4.3,3.8,20.0,POINT (-3.6666666666666505 53.13333333333331),rocas_igneas
1353769,53.13333333333333,-3.6666666666666665,34,62,1981-6-1,23.0,12.0,4.3,3.8,11.0,POINT (-3.6666666666666505 53.13333333333331),rocas_igneas
1353769,53.13333333333333,-3.6666666666666665,62,80,1981-6-1,10.0,10.0,4.8,4.2,34.0,POINT (-3.6666666666666505 53.13333333333331),rocas_igneas
1353769,53.13333333333333,-3.6666666666666665,80,120,1981-6-1,9.0,5.0,5.3,4.7,18.0,POINT (-3.6666666666666505 53.13333333333331),rocas_igneas
1378607,52.58330154418945,0.33333298563957214,0,27,????-??-??,21.0,17.0,7.8,7.4,50.0,POINT (0.3333329856396209 52.58330154418945),rocas_igneas
1378607,52.58330154418945,0.33333298563957214,27,50,????-??-??,14.0,7.0,8.2,7.7,67.0,POINT (0.3333329856396209 52.58330154418945),rocas_igneas
1378656,52.58330154418945,0.33333298563957214,0,30,????-??-??,20.0,23.0,7.6,7.1,53.0,POINT (0.3333329856396209 52.58330154418945),rocas_igneas
1378656,52.58330154418945,0.33333298563957214,30,40,????-??-??,19.0,19.0,7.8,7.2,53.0,POINT (0.3333329856396209 52.58330154418945),rocas_igneas
1378656,52.58330154418945,0.33333298563957214,40,64,????-??-??,7.0,4.0,8.2,7.6,82.0,POINT (0.3333329856396209 52.58330154418945),rocas_igneas
1378656,52.58330154418945,0.33333298563957214,64,80,????-??-??,4.0,3.0,8.4,7.8,91.0,POINT (0.3333329856396209 52.58330154418945),rocas_igneas
1378685,53.13330078125,-2.416670083999634,24,57,????-??-??,25.0,36.0,4.4,3.9,8.0,POINT (-2.4166700839996222 53.133300781249986),rocas_igneas
1378685,53.13330078125,-2.416670083999634,57,70,????-??-??,23.0,9.0,4.5,4.0,14.0,POINT (-2.4166700839996222 53.133300781249986),rocas_igneas
1378685,53.13330078125,-2.416670083999634,70,100,????-??-??,22.0,3.0,4.9,4.0,27.0,POINT (-2.4166700839996222 53.133300781249986),rocas_igneas
1388504,58.56388888888889,-3.6194444444444445,0,16,1970-6-1,23.0,83.7,5.5,4.9,42.0,POINT (-3.6194444444444454 58.56388888888889),rocas_sedimentarias
1388504,58.56388888888889,-3.6194444444444445,16,38,1970-6-1,24.0,9.8,5.7,5.1,44.0,POINT (-3.6194444444444454 58.56388888888889),rocas_sedimentarias
1388581,52.583333333333336,-0.3333333333333333,0,30,1981-6-1,20.0,23.0,7.6,7.1,53.0,POINT (-0.3333333333333041 52.58333333333332),rocas_igneas
1388581,52.583333333333336,-0.3333333333333333,30,40,1981-6-1,19.0,19.0,7.8,7.2,53.0,POINT (-0.3333333333333041 52.58333333333332),rocas_igneas
1388581,52.583333333333336,-0.3333333333333333,40,64,1981-6-1,7.0,4.0,8.2,7.6,82.0,POINT (-0.3333333333333041 52.58333333333332),rocas_igneas
1388581,52.583333333333336,-0.3333333333333333,64,80,1981-6-1,4.0,3.0,8.4,7.8,91.0,POINT (-0.3333333333333041 52.58333333333332),rocas_igneas
1413459,53.11669921875,-1.0833300352096558,0,10,????-??-??,52.0,82.0,5.2,4.8,7.0,POINT (-1.0833300352096267 53.11669921874998),rocas_igneas
1413459,53.11669921875,-1.0833300352096558,10,20,????-??-??,53.0,32.0,5.6,5.1,4.0,POINT (-1.0833300352096267 53.11669921874998),rocas_igneas
1413459,53.11669921875,-1.0833300352096558,20,43,????-??-??,67.0,31.0,6.5,6.0,1.0,POINT (-1.0833300352096267 53.11669921874998),rocas_igneas
1413459,53.11669921875,-1.0833300352096558,43,67,????-??-??,69.0,8.0,7.1,6.7,1.0,POINT (-1.0833300352096267 53.11669921874998),rocas_igneas
1413459,53.11669921875,-1.0833300352096558,67,110,????-??-??,59.0,7.0,7.5,6.9,2.0,POINT (-1.0833300352096267 53.11669921874998),rocas_igneas
1413460,51.66669845581055,0.800000011920929,0,8,????-??-??,20.0,89.0,4.2,3.5,11.0,POINT (0.8000000119209872 51.66669845581055),rocas_igneas
1413460,51.66669845581055,0.800000011920929,8,16,????-??-??,20.0,16.0,4.1,3.6,12.0,POINT (0.8000000119209872 51.66669845581055),rocas_igneas
1413460,51.66669845581055,0.800000011920929,16,38,????-??-??,24.0,6.0,4.2,3.8,8.0,POINT (0.8000000119209872 51.66669845581055),rocas_igneas
1413460,51.66669845581055,0.800000011920929,38,62,????-??-??,33.0,2.0,5.1,4.2,5.0,POINT (0.8000000119209872 51.66669845581055),rocas_igneas
1413460,51.66669845581055,0.800000011920929,62,84,????-??-??,34.0,2.0,4.9,4.2,5.0,POINT (0.8000000119209872 51.66669845581055),rocas_igneas
1413460,51.66669845581055,0.800000011920929,84,180,????-??-??,36.0,2.0,4.9,4.1,4.0,POINT (0.8000000119209872 51.66669845581055),rocas_igneas
1423151,55.80833333333333,-3.841666666666667,0,24,1991-8-1,4.0,39.3,5.7,5.4,80.0,POINT (-3.841666666666665 55.80833333333333),rocas_igneas
1423151,55.80833333333333,-3.841666666666667,24,55,1991-8-1,19.0,18.3,5.7,5.2,58.0,POINT (-3.841666666666665 55.80833333333333),rocas_igneas
1423151,55.80833333333333,-3.841666666666667,55,85,1991-8-1,16.0,23.4,4.7,4.2,59.0,POINT (-3.841666666666665 55.80833333333333),rocas_igneas
1423241,52.78333333333333,-3.0833333333333335,0,19,1981-6-1,29.0,31.0,6.3,5.9,9.0,POINT (-3.0833333333333113 52.78333333333331),rocas_igneas
1423241,52.78333333333333,-3.0833333333333335,19,50,1981-6-1,28.0,10.0,5.9,5.4,10.0,POINT (-3.0833333333333113 52.78333333333331),rocas_igneas
1423241,52.78333333333333,-3.0833333333333335,50,82,1981-6-1,30.0,7.0,5.6,5.0,10.0,POINT (-3.0833333333333113 52.78333333333331),rocas_igneas
1423241,52.78333333333333,-3.0833333333333335,82,141,1981-6-1,25.0,4.0,5.8,5.1,7.0,POINT (-3.0833333333333113 52.78333333333331),rocas_igneas
1423242,53.11666666666667,-2.9166666666666665,0,22,1981-6-1,23.0,48.0,5.1,4.6,27.0,POINT (-2.9166666666666337 53.11666666666665),rocas_igneas
1423242,53.11666666666667,-2.9166666666666665,22,43,1981-6-1,32.0,8.0,7.0,6.5,25.0,POINT (-2.9166666666666337 53.11666666666665),rocas_igneas
1423242,53.11666666666667,-2.9166666666666665,43,62,1981-6-1,45.0,5.0,7.8,7.4,13.0,POINT (-2.9166666666666337 53.11666666666665),rocas_igneas
1423242,53.11666666666667,-2.9166666666666665,62,84,1981-6-1,32.0,4.0,8.2,7.8,31.0,POINT (-2.9166666666666337 53.11666666666665),rocas_igneas
1423242,53.11666666666667,-2.9166666666666665,84,104,1981-6-1,41.0,3.0,8.4,7.9,14.0,POINT (-2.9166666666666337 53.11666666666665),rocas_igneas
1448048,57.5,-5.400000095367432,0,26,????-??-??,7.0,61.8,5.5,4.8,75.0,POINT (-5.400000095367425 57.5),rocas_igneas
1448048,57.5,-5.400000095367432,26,72,????-??-??,8.0,8.1,6.1,5.0,52.0,POINT (-5.400000095367425 57.5),rocas_igneas
1448048,57.5,-5.400000095367432,72,86,????-??-??,8.0,2.8,6.4,5.3,57.0,POINT (-5.400000095367425 57.5),rocas_igneas
1457893,57.23888888888889,-3.6777777777777776,0,6,1976-6-1,3.0,78.7,3.8,3.1,88.0,POINT (-3.6777777777777794 57.23888888888888),rocas_igneas
1457893,57.23888888888889,-3.6777777777777776,6,56,1976-6-1,2.0,20.2,4.7,4.9,95.0,POINT (-3.6777777777777794 57.23888888888888),rocas_igneas
1457893,57.23888888888889,-3.6777777777777776,56,103,1976-6-1,1.0,2.1,5.3,5.2,97.0,POINT (-3.6777777777777794 57.23888888888888),rocas_igneas
1457912,51.666666666666664,0.05,0,8,????-??-??,15.0,250.0,3.8,3.0,27.0,POINT (0.0500000000000605 51.66666666666666),rocas_igneas
1457912,51.666666666666664,0.05,8,25,????-??-??,10.0,28.0,3.7,3.3,38.0,POINT (0.0500000000000605 51.66666666666666),rocas_igneas
1457912,51.666666666666664,0.05,25,40,????-??-??,29.0,9.0,4.0,3.5,30.0,POINT (0.0500000000000605 51.66666666666666),rocas_igneas
1457912,51.666666666666664,0.05,40,60,????-??-??,49.0,5.0,4.0,3.6,15.0,POINT (0.0500000000000605 51.66666666666666),rocas_igneas
1457912,51.666666666666664,0.05,60,100,????-??-??,51.0,2.0,4.1,3.6,9.0,POINT (0.0500000000000605 51.66666666666666),rocas_igneas
1457913,52.45,0.08333333333333333,0,22,1981-6-1,59.0,190.0,5.9,5.6,7.0,POINT (0.0833333333333578 52.45),rocas_igneas
1457913,52.45,0.08333333333333333,22,44,1981-6-1,69.0,190.0,5.4,5.1,7.0,POINT (0.0833333333333578 52.45),rocas_igneas
1457913,52.45,0.08333333333333333,56,71,1981-6-1,60.0,30.0,3.7,3.6,1.0,POINT (0.0833333333333578 52.45),rocas_igneas
1457913,52.45,0.08333333333333333,71,86,1981-6-1,57.0,60.0,3.2,3.1,3.0,POINT (0.0833333333333578 52.45),rocas_igneas
1478639,52.45,0.08333333333333333,0,22,1981-6-1,59.0,190.0,5.9,5.6,7.0,POINT (0.0833333333333578 52.45),rocas_igneas
1478639,52.45,0.08333333333333333,22,44,1981-6-1,69.0,190.0,5.4,5.1,7.0,POINT (0.0833333333333578 52.45),rocas_igneas
1478639,52.45,0.08333333333333333,56,71,1981-6-1,60.0,30.0,3.7,3.6,1.0,POINT (0.0833333333333578 52.45),rocas_igneas
1478639,52.45,0.08333333333333333,71,86,1981-6-1,57.0,60.0,3.2,3.1,3.0,POINT (0.0833333333333578 52.45),rocas_igneas
1478667,51.666666666666664,0.05,0,8,????-??-??,15.0,250.0,3.8,3.0,27.0,POINT (0.0500000000000605 51.66666666666666),rocas_igneas
1478667,51.666666666666664,0.05,8,25,????-??-??,10.0,28.0,3.7,3.3,38.0,POINT (0.0500000000000605 51.66666666666666),rocas_igneas
1478667,51.666666666666664,0.05,25,40,????-??-??,29.0,9.0,4.0,3.5,30.0,POINT (0.0500000000000605 51.66666666666666),rocas_igneas
1478667,51.666666666666664,0.05,40,60,????-??-??,49.0,5.0,4.0,3.6,15.0,POINT (0.0500000000000605 51.66666666666666),rocas_igneas
1478667,51.666666666666664,0.05,60,100,????-??-??,51.0,2.0,4.1,3.6,9.0,POINT (0.0500000000000605 51.66666666666666),rocas_igneas
1482604,51.83330154418945,-0.5833330154418945,0,3,????-??-??,20.0,63.0,4.3,3.9,22.0,POINT (-0.583333015441848 51.83330154418945),rocas_igneas
1482604,51.83330154418945,-0.5833330154418945,3,12,????-??-??,20.0,36.0,3.9,3.4,20.0,POINT (-0.583333015441848 51.83330154418945),rocas_igneas
1482604,51.83330154418945,-0.5833330154418945,44,58,????-??-??,20.0,7.0,5.0,4.0,37.0,POINT (-0.583333015441848 51.83330154418945),rocas_igneas
1482604,51.83330154418945,-0.5833330154418945,80,170,????-??-??,49.0,4.0,4.6,3.7,28.0,POINT (-0.583333015441848 51.83330154418945),rocas_igneas
1482609,57.23889923095703,-2.3222200870513916,0,6,????-??-??,3.0,78.7,3.8,3.1,88.0,POINT (-2.3222200870513823 57.238899230957024),rocas_sedimentarias
1482609,57.23889923095703,-2.3222200870513916,6,56,????-??-??,2.0,20.2,4.7,4.9,95.0,POINT (-2.3222200870513823 57.238899230957024),rocas_sedimentarias
1482609,57.23889923095703,-2.3222200870513916,56,103,????-??-??,1.0,2.1,5.3,5.2,97.0,POINT (-2.3222200870513823 57.238899230957024),rocas_sedimentarias
1492462,57.13611111111111,-2.1527777777777777,0,28,1991-7-1,4.0,33.9,5.5,5.1,76.0,POINT (-2.152777777777798 57.13611111111112),rocas_sedimentarias
1492462,57.13611111111111,-2.1527777777777777,28,48,1991-7-1,12.0,3.8,5.1,5.2,71.0,POINT (-2.152777777777798 57.13611111111112),rocas_sedimentarias
1492462,57.13611111111111,-2.1527777777777777,48,80,1991-7-1,10.0,5.9,5.1,5.1,69.0,POINT (-2.152777777777798 57.13611111111112),rocas_sedimentarias
1492542,53.13333333333333,-3.5833333333333335,24,57,1981-6-1,25.0,36.0,4.4,3.9,8.0,POINT (-3.5833333333332926 53.13333333333331),rocas_igneas
1492542,53.13333333333333,-3.5833333333333335,57,70,1981-6-1,23.0,9.0,4.5,4.0,14.0,POINT (-3.5833333333332926 53.13333333333331),rocas_igneas
1492542,53.13333333333333,-3.5833333333333335,70,100,1981-6-1,22.0,3.0,4.9,4.0,27.0,POINT (-3.5833333333332926 53.13333333333331),rocas_igneas
1527300,51.666666666666664,0.1,0,7,1981-6-1,24.0,14.0,4.0,3.6,16.0,POINT (0.1000000000000447 51.666666666666664),rocas_igneas
1527300,51.666666666666664,0.1,7,28,1981-6-1,38.0,11.0,4.0,3.6,9.0,POINT (0.1000000000000447 51.666666666666664),rocas_igneas
1527300,51.666666666666664,0.1,28,67,1981-6-1,58.0,6.0,4.2,3.7,1.0,POINT (0.1000000000000447 51.666666666666664),rocas_igneas
1527300,51.666666666666664,0.1,67,94,1981-6-1,36.0,3.0,4.4,3.8,19.0,POINT (0.1000000000000447 51.666666666666664),rocas_igneas
1527358,55.96666666666667,-3.8194444444444446,0,17,1972-10-1,21.0,44.8,4.9,4.6,55.0,POINT (-3.81944444444442 55.96666666666666),rocas_igneas
1527358,55.96666666666667,-3.8194444444444446,17,35,1972-10-1,37.0,10.9,4.9,4.3,43.0,POINT (-3.81944444444442 55.96666666666666),rocas_igneas
1527358,55.96666666666667,-3.8194444444444446,35,60,1972-10-1,26.0,15.3,4.8,4.2,40.0,POINT (-3.81944444444442 55.96666666666666),rocas_igneas
1527358,55.96666666666667,-3.8194444444444446,60,80,1972-10-1,32.0,20.2,5.0,4.3,42.0,POINT (-3.81944444444442 55.96666666666666),rocas_igneas
1527359,57.5,-6.6,0,26,1978-6-1,7.0,61.8,5.5,4.8,75.0,POINT (-6.600000000000022 57.5),rocas_igneas
1527359,57.5,-6.6,26,72,1978-6-1,8.0,8.1,6.1,5.0,52.0,POINT (-6.600000000000022 57.5),rocas_igneas
1527359,57.5,-6.6,72,86,1978-6-1,8.0,2.8,6.4,5.3,57.0,POINT (-6.600000000000022 57.5),rocas_igneas
1527360,52.583333333333336,-0.3333333333333333,0,27,1981-6-1,21.0,17.0,7.8,7.4,50.0,POINT (-0.3333333333333041 52.58333333333332),rocas_igneas
1527360,52.583333333333336,-0.3333333333333333,27,50,1981-6-1,14.0,7.0,8.2,7.7,67.0,POINT (-0.3333333333333041 52.58333333333332),rocas_igneas
1527361,53.25,-1.0833333333333333,3,10,1981-6-1,3.0,21.0,3.8,3.0,87.0,POINT (-1.0833333333332829 53.249999999999986),rocas_igneas
1527361,53.25,-1.0833333333333333,10,25,1981-6-1,2.0,4.0,3.9,3.2,86.0,POINT (-1.0833333333332829 53.249999999999986),rocas_igneas
1527361,53.25,-1.0833333333333333,25,29,1981-6-1,11.0,20.0,3.9,3.5,80.0,POINT (-1.0833333333332829 53.249999999999986),rocas_igneas
1527361,53.25,-1.0833333333333333,29,54,1981-6-1,4.0,7.0,4.4,4.2,92.0,POINT (-1.0833333333332829 53.249999999999986),rocas_igneas
1527361,53.25,-1.0833333333333333,54,150,1981-6-1,3.0,1.0,4.4,4.2,93.0,POINT (-1.0833333333332829 53.249999999999986),rocas_igneas
1548197,51.666666666666664,0.1,0,7,1981-6-1,24.0,14.0,4.0,3.6,16.0,POINT (0.1000000000000447 51.666666666666664),rocas_igneas
1548197,51.666666666666664,0.1,7,28,1981-6-1,38.0,11.0,4.0,3.6,9.0,POINT (0.1000000000000447 51.666666666666664),rocas_igneas
1548197,51.666666666666664,0.1,28,67,1981-6-1,58.0,6.0,4.2,3.7,1.0,POINT (0.1000000000000447 51.666666666666664),rocas_igneas
1548197,51.666666666666664,0.1,67,94,1981-6-1,36.0,3.0,4.4,3.8,19.0,POINT (0.1000000000000447 51.666666666666664),rocas_igneas
1552237,51.83330154418945,-2.166670083999634,15,22,????-??-??,32.0,120.0,4.9,4.2,12.0,POINT (-2.166670083999587 51.83330154418944),rocas_igneas
1552237,51.83330154418945,-2.166670083999634,22,37,????-??-??,18.0,12.0,4.8,4.1,25.0,POINT (-2.166670083999587 51.83330154418944),rocas_igneas
1552237,51.83330154418945,-2.166670083999634,37,85,????-??-??,18.0,6.0,4.8,4.0,23.0,POINT (-2.166670083999587 51.83330154418944),rocas_igneas
1552237,51.83330154418945,-2.166670083999634,85,100,????-??-??,15.0,5.0,4.9,4.0,33.0,POINT (-2.166670083999587 51.83330154418944),rocas_igneas
1552237,51.83330154418945,-2.166670083999634,100,130,????-??-??,16.0,6.0,5.0,4.1,34.0,POINT (-2.166670083999587 51.83330154418944),rocas_igneas
1562113,51.166666666666664,0.8333333333333334,0,10,1981-6-1,3.0,68.0,4.2,2.6,86.0,POINT (0.8333333333333875 51.16666666666668),rocas_igneas
1562113,51.166666666666664,0.8333333333333334,10,42,1981-6-1,1.0,10.0,4.3,2.7,90.0,POINT (0.8333333333333875 51.16666666666668),rocas_igneas
1562113,51.166666666666664,0.8333333333333334,42,47,1981-6-1,6.0,22.0,4.2,3.0,89.0,POINT (0.8333333333333875 51.16666666666668),rocas_igneas
1562113,51.166666666666664,0.8333333333333334,47,53,1981-6-1,7.0,10.0,4.3,3.2,88.0,POINT (0.8333333333333875 51.16666666666668),rocas_igneas
1562113,51.166666666666664,0.8333333333333334,53,90,1981-6-1,7.0,4.0,4.6,3.6,88.0,POINT (0.8333333333333875 51.16666666666668),rocas_igneas
1562168,53.13333333333333,-3.6666666666666665,0,5,1981-6-1,18.0,53.0,4.0,3.6,29.0,POINT (-3.6666666666666505 53.13333333333331),rocas_igneas
1562168,53.13333333333333,-3.6666666666666665,5,28,1981-6-1,11.0,28.0,4.5,4.1,53.0,POINT (-3.6666666666666505 53.13333333333331),rocas_igneas
1562168,53.13333333333333,-3.6666666666666665,28,60,1981-6-1,9.0,12.0,4.8,4.4,41.0,POINT (-3.6666666666666505 53.13333333333331),rocas_igneas
1562168,53.13333333333333,-3.6666666666666665,60,120,1981-6-1,2.0,4.0,5.0,4.7,70.0,POINT (-3.6666666666666505 53.13333333333331),rocas_igneas
1562169,51.833333333333336,-3.8333333333333335,15,22,1985-6-1,32.0,120.0,4.9,4.2,12.0,POINT (-3.833333333333303 51.83333333333332),rocas_igneas
1562169,51.833333333333336,-3.8333333333333335,22,37,1985-6-1,18.0,12.0,4.8,4.1,25.0,POINT (-3.833333333333303 51.83333333333332),rocas_igneas
1562169,51.833333333333336,-3.8333333333333335,37,85,1985-6-1,18.0,6.0,4.8,4.0,23.0,POINT (-3.833333333333303 51.83333333333332),rocas_igneas
1562169,51.833333333333336,-3.8333333333333335,85,100,1985-6-1,15.0,5.0,4.9,4.0,33.0,POINT (-3.833333333333303 51.83333333333332),rocas_igneas
1562169,51.833333333333336,-3.8333333333333335,100,130,1985-6-1,16.0,6.0,5.0,4.1,34.0,POINT (-3.833333333333303 51.83333333333332),rocas_igneas
1583291,51.166666666666664,0.8333333333333334,0,10,1981-6-1,3.0,68.0,4.2,2.6,86.0,POINT (0.8333333333333875 51.16666666666668),rocas_igneas
1583291,51.166666666666664,0.8333333333333334,10,42,1981-6-1,1.0,10.0,4.3,2.7,90.0,POINT (0.8333333333333875 51.16666666666668),rocas_igneas
1583291,51.166666666666664,0.8333333333333334,42,47,1981-6-1,6.0,22.0,4.2,3.0,89.0,POINT (0.8333333333333875 51.16666666666668),rocas_igneas
1583291,51.166666666666664,0.8333333333333334,47,53,1981-6-1,7.0,10.0,4.3,3.2,88.0,POINT (0.8333333333333875 51.16666666666668),rocas_igneas
1583291,51.166666666666664,0.8333333333333334,53,90,1981-6-1,7.0,4.0,4.6,3.6,88.0,POINT (0.8333333333333875 51.16666666666668),rocas_igneas
1587309,53.33330154418945,-0.9166669845581055,0,2,????-??-??,6.0,44.0,3.8,3.0,75.0,POINT (-0.9166669845580714 53.33330154418945),rocas_igneas
1587309,53.33330154418945,-0.9166669845581055,2,19,????-??-??,6.0,16.0,4.0,3.4,79.0,POINT (-0.9166669845580714 53.33330154418945),rocas_igneas
1587309,53.33330154418945,-0.9166669845581055,19,44,????-??-??,7.0,8.0,4.4,3.9,75.0,POINT (-0.9166669845580714 53.33330154418945),rocas_igneas
1587309,53.33330154418945,-0.9166669845581055,44,80,????-??-??,5.0,2.0,4.5,4.1,85.0,POINT (-0.9166669845580714 53.33330154418945),rocas_igneas
1587309,53.33330154418945,-0.9166669845581055,80,150,????-??-??,3.0,0.5,4.6,4.0,95.0,POINT (-0.9166669845580714 53.33330154418945),rocas_igneas
1596878,51.666666666666664,0.1,0,4,1981-6-1,10.0,250.0,3.8,3.0,38.0,POINT (0.1000000000000447 51.666666666666664),rocas_igneas
1596878,51.666666666666664,0.1,4,21,1981-6-1,29.0,28.0,3.7,3.3,30.0,POINT (0.1000000000000447 51.666666666666664),rocas_igneas
1596878,51.666666666666664,0.1,21,36,1981-6-1,49.0,9.0,4.0,3.5,15.0,POINT (0.1000000000000447 51.666666666666664),rocas_igneas
1596878,51.666666666666664,0.1,36,61,1981-6-1,51.0,5.0,4.0,3.6,9.0,POINT (0.1000000000000447 51.666666666666664),rocas_igneas
1596926,51.666666666666664,-0.8333333333333334,0,9,1981-6-1,44.0,62.0,7.4,7.0,23.0,POINT (-0.8333333333332985 51.66666666666666),rocas_igneas
1596926,51.666666666666664,-0.8333333333333334,9,23,1981-6-1,68.0,20.0,7.6,7.1,13.0,POINT (-0.8333333333332985 51.66666666666666),rocas_igneas
1596926,51.666666666666664,-0.8333333333333334,23,31,1981-6-1,43.0,11.0,8.0,7.5,11.0,POINT (-0.8333333333332985 51.66666666666666),rocas_igneas
1618222,51.666666666666664,0.1,0,4,1981-6-1,10.0,250.0,3.8,3.0,38.0,POINT (0.1000000000000447 51.666666666666664),rocas_igneas
1618222,51.666666666666664,0.1,4,21,1981-6-1,29.0,28.0,3.7,3.3,30.0,POINT (0.1000000000000447 51.666666666666664),rocas_igneas
1618222,51.666666666666664,0.1,21,36,1981-6-1,49.0,9.0,4.0,3.5,15.0,POINT (0.1000000000000447 51.666666666666664),rocas_igneas
1618222,51.666666666666664,0.1,36,61,1981-6-1,51.0,5.0,4.0,3.6,9.0,POINT (0.1000000000000447 51.666666666666664),rocas_igneas
1622254,53.18330001831055,-2.416670083999634,0,22,????-??-??,23.0,44.0,5.6,4.9,25.0,POINT (-2.41667008399961 53.183300018310526),rocas_igneas
1622254,53.18330001831055,-2.416670083999634,22,40,????-??-??,25.0,24.0,5.0,4.3,24.0,POINT (-2.41667008399961 53.183300018310526),rocas_igneas
1622254,53.18330001831055,-2.416670083999634,40,70,????-??-??,24.0,19.0,5.0,4.4,31.0,POINT (-2.41667008399961 53.183300018310526),rocas_igneas
1622254,53.18330001831055,-2.416670083999634,70,100,????-??-??,13.0,5.0,5.1,4.6,62.0,POINT (-2.41667008399961 53.183300018310526),rocas_igneas
1631863,51.18333333333333,0.9333333333333333,0,20,1981-6-1,33.0,53.0,8.1,7.8,32.0,POINT (0.9333333333333813 51.18333333333333),rocas_igneas
1631863,51.18333333333333,0.9333333333333333,20,30,1981-6-1,33.0,33.0,8.3,7.9,30.0,POINT (0.9333333333333813 51.18333333333333),rocas_igneas
1631863,51.18333333333333,0.9333333333333333,30,80,1981-6-1,30.0,8.0,8.5,8.0,27.0,POINT (0.9333333333333813 51.18333333333333),rocas_igneas
1631863,51.18333333333333,0.9333333333333333,80,100,1981-6-1,26.0,12.0,8.3,8.0,35.0,POINT (0.9333333333333813 51.18333333333333),rocas_igneas
1631863,51.18333333333333,0.9333333333333333,100,150,1981-6-1,21.0,7.0,8.4,8.1,36.0,POINT (0.9333333333333813 51.18333333333333),rocas_igneas
1631922,53.333333333333336,-1.0833333333333333,0,2,1981-6-1,6.0,44.0,3.8,3.0,75.0,POINT (-1.0833333333332957 53.33333333333332),rocas_igneas
1631922,53.333333333333336,-1.0833333333333333,2,19,1981-6-1,6.0,16.0,4.0,3.4,79.0,POINT (-1.0833333333332957 53.33333333333332),rocas_igneas
1631922,53.333333333333336,-1.0833333333333333,19,44,1981-6-1,7.0,8.0,4.4,3.9,75.0,POINT (-1.0833333333332957 53.33333333333332),rocas_igneas
1631922,53.333333333333336,-1.0833333333333333,44,80,1981-6-1,5.0,2.0,4.5,4.1,85.0,POINT (-1.0833333333332957 53.33333333333332),rocas_igneas
1631922,53.333333333333336,-1.0833333333333333,80,150,1981-6-1,3.0,0.5,4.6,4.0,95.0,POINT (-1.0833333333332957 53.33333333333332),rocas_igneas
1652820,51.18333333333333,0.9333333333333333,0,20,1981-6-1,33.0,53.0,8.1,7.8,32.0,POINT (0.9333333333333813 51.18333333333333),rocas_igneas
1652820,51.18333333333333,0.9333333333333333,20,30,1981-6-1,33.0,33.0,8.3,7.9,30.0,POINT (0.9333333333333813 51.18333333333333),rocas_igneas
1652820,51.18333333333333,0.9333333333333333,30,80,1981-6-1,30.0,8.0,8.5,8.0,27.0,POINT (0.9333333333333813 51.18333333333333),rocas_igneas
1652820,51.18333333333333,0.9333333333333333,80,100,1981-6-1,26.0,12.0,8.3,8.0,35.0,POINT (0.9333333333333813 51.18333333333333),rocas_igneas
1652820,51.18333333333333,0.9333333333333333,100,150,1981-6-1,21.0,7.0,8.4,8.1,36.0,POINT (0.9333333333333813 51.18333333333333),rocas_igneas
1656782,53.13330078125,-2.333329916000366,24,33,????-??-??,23.0,50.0,3.9,3.4,5.0,POINT (-2.3333299160003365 53.13330078124999),rocas_igneas
1656782,53.13330078125,-2.333329916000366,33,34,????-??-??,25.0,43.0,4.3,3.8,20.0,POINT (-2.3333299160003365 53.13330078124999),rocas_igneas
1656782,53.13330078125,-2.333329916000366,34,62,????-??-??,23.0,12.0,4.3,3.8,11.0,POINT (-2.3333299160003365 53.13330078124999),rocas_igneas
1656782,53.13330078125,-2.333329916000366,62,80,????-??-??,10.0,10.0,4.8,4.2,34.0,POINT (-2.3333299160003365 53.13330078124999),rocas_igneas
1656782,53.13330078125,-2.333329916000366,80,120,????-??-??,9.0,5.0,5.3,4.7,18.0,POINT (-2.3333299160003365 53.13330078124999),rocas_igneas
1656860,53.33330154418945,-0.800000011920929,0,26,????-??-??,5.0,18.0,5.4,4.8,85.0,POINT (-0.8000000119208854 53.33330154418944),rocas_igneas
1656860,53.33330154418945,-0.800000011920929,26,52,????-??-??,5.0,4.0,6.9,6.3,81.0,POINT (-0.8000000119208854 53.33330154418944),rocas_igneas
1656860,53.33330154418945,-0.800000011920929,52,80,????-??-??,4.0,2.0,7.0,6.4,87.0,POINT (-0.8000000119208854 53.33330154418944),rocas_igneas
1656860,53.33330154418945,-0.800000011920929,80,100,????-??-??,4.0,2.0,7.2,6.7,86.0,POINT (-0.8000000119208854 53.33330154418944),rocas_igneas
1656860,53.33330154418945,-0.800000011920929,100,150,????-??-??,5.0,1.0,6.9,6.3,92.0,POINT (-0.8000000119208854 53.33330154418944),rocas_igneas
1666612,51.166666666666664,0.8333333333333334,13,22,1981-6-1,4.0,25.0,4.2,3.7,71.0,POINT (0.8333333333333875 51.16666666666668),rocas_igneas
1666612,51.166666666666664,0.8333333333333334,22,35,1981-6-1,4.0,24.0,4.1,3.6,71.0,POINT (0.8333333333333875 51.16666666666668),rocas_igneas
1666612,51.166666666666664,0.8333333333333334,35,70,1981-6-1,7.0,5.0,4.3,3.9,68.0,POINT (0.8333333333333875 51.16666666666668),rocas_igneas
1666612,51.166666666666664,0.8333333333333334,70,82,1981-6-1,8.0,2.0,4.4,3.8,88.0,POINT (0.8333333333333875 51.16666666666668),rocas_igneas
1687350,51.166666666666664,0.8333333333333334,13,22,1981-6-1,4.0,25.0,4.2,3.7,71.0,POINT (0.8333333333333875 51.16666666666668),rocas_igneas
1687350,51.166666666666664,0.8333333333333334,22,35,1981-6-1,4.0,24.0,4.1,3.6,71.0,POINT (0.8333333333333875 51.16666666666668),rocas_igneas
1687350,51.166666666666664,0.8333333333333334,35,70,1981-6-1,7.0,5.0,4.3,3.9,68.0,POINT (0.8333333333333875 51.16666666666668),rocas_igneas
1687350,51.166666666666664,0.8333333333333334,70,82,1981-6-1,8.0,2.0,4.4,3.8,88.0,POINT (0.8333333333333875 51.16666666666668),rocas_igneas
1691246,57.20560073852539,-3.895829916000366,0,20,????-??-??,4.0,53.3,4.3,3.8,95.0,POINT (-3.8958299160003413 57.205600738525376),rocas_igneas
1691246,57.20560073852539,-3.895829916000366,21,41,????-??-??,4.0,28.7,4.6,4.5,90.0,POINT (-3.8958299160003413 57.205600738525376),rocas_igneas
1691296,53.25,-0.9166669845581055,3,10,????-??-??,3.0,21.0,3.8,3.0,87.0,POINT (-0.9166669845580969 53.24999999999999),rocas_igneas
1691296,53.25,-0.9166669845581055,10,25,????-??-??,2.0,4.0,3.9,3.2,86.0,POINT (-0.9166669845580969 53.24999999999999),rocas_igneas
1691296,53.25,-0.9166669845581055,25,29,????-??-??,11.0,20.0,3.9,3.5,80.0,POINT (-0.9166669845580969 53.24999999999999),rocas_igneas
1691296,53.25,-0.9166669845581055,29,54,????-??-??,4.0,7.0,4.4,4.2,92.0,POINT (-0.9166669845580969 53.24999999999999),rocas_igneas
1691296,53.25,-0.9166669845581055,54,150,????-??-??,3.0,1.0,4.4,4.2,93.0,POINT (-0.9166669845580969 53.24999999999999),rocas_igneas
